{
    "appButtomRule": {
        "defaultIndex": 0,
        "tabList": [
            {
                "index": 0,
                "tabType": "device",
                "path": "pages/coin/coin",
                "badge": {
                    "dot": false,
                    "text": "",
                    "bgColor": "FFFFFFFF",
                    "textColor": "FFFFFFFF"
                },
                "style": {
                    "selected": {
                        "text": "设备",
                        "textColor": "FFBC995E",
                        "icon": "https://cdn-cn-oss-dreame-store.dreame.tech/dreame-php-mall/prod/images/202509/68c12ae6d3c2e8670010275.png"
                    },
                    "normal": {
                        "text": "设备",
                        "textColor": "FFA6A6A6",
                        "icon": "https://cdn-cn-oss-dreame-store.dreame.tech/dreame-php-mall/prod/images/202509/68c12ae9534513410011286.png"
                    },
                    "lottie": ""
                }
            },
            {
                "index": 1,
                "tabType": "mall_productPage",
                "path": "pages/productPage/productPage",
                "badge": {
                    "dot": false,
                    "text": "",
                    "bgColor": "FFFFFFFF",
                    "textColor": "FFFFFFFF"
                },
                "style": {
                    "selected": {
                        "text": "产品",
                        "textColor": "FFBC995E",
                        "icon": "https://cdn-cn-oss-dreame-store.dreame.tech/dreame-php-mall/prod/images/202509/68c12b12371822260016452.png"
                    },
                    "normal": {
                        "text": "产品",
                        "textColor": "FFA6A6A6",
                        "icon": "https://cdn-cn-oss-dreame-store.dreame.tech/dreame-php-mall/prod/images/202509/68c12b157aa665020011686.png"
                    },
                    "lottie": ""
                }
            },
            {
                "index": 2,
                "tabType": "mall",
                "path": "",
                "badge": {
                    "dot": false,
                    "text": "",
                    "bgColor": "",
                    "textColor": "",
                    "icon": ""
                },
                "style": {
                    "selected": {
                        "text": "商城",
                        "textColor": "FFBC995E",
                        "icon": "https://cdn-cn-oss-dreame-store.dreame.tech/dreame-php-mall/prod/images/202509/68c12b99e26089270011135.png"
                    },
                    "normal": {
                        "text": "商城",
                        "textColor": "FFA6A6A6",
                        "icon": "https://cdn-cn-oss-dreame-store.dreame.tech/dreame-php-mall/prod/images/202509/68c12b9bd6c248800010210.png"
                    },
                    "lottie": ""
                }
            },
            {
                "index": 4,
                "tabType": "explore",
                "path": "pages/contents/contents",
                "badge": {
                    "dot": false,
                    "text": "",
                    "bgColor": "FFFFFFFF",
                    "textColor": "FFFFFFFF"
                },
                "style": {
                    "selected": {
                        "text": "探索",
                        "textColor": "FFBC995E",
                        "icon": "https://cdn-cn-oss-dreame-store.dreame.tech/dreame-php-mall/prod/images/202509/68c12b43a139b6600011080.png"
                    },
                    "normal": {
                        "text": "探索",
                        "textColor": "FFA6A6A6",
                        "icon": "https://cdn-cn-oss-dreame-store.dreame.tech/dreame-php-mall/prod/images/202509/68c12b48765814850039348.png"
                    },
                    "lottie": ""
                }
            },
            {
                "index": 3,
                "tabType": "mine",
                "path": "",
                "badge": {
                    "dot": false,
                    "text": "",
                    "bgColor": "",
                    "textColor": ""
                },
                "style": {
                    "selected": {
                        "text": "我的",
                        "textColor": "FFBC995E",
                        "icon": "https://cdn-cn-oss-dreame-store.dreame.tech/dreame-php-mall/prod/images/202509/68c12bc5b3d9d7370009040.png"
                    },
                    "normal": {
                        "text": "我的",
                        "textColor": "FFA6A6A6",
                        "icon": "https://cdn-cn-oss-dreame-store.dreame.tech/dreame-php-mall/prod/images/202509/68c12bc9811f65290009111.png"
                    },
                    "lottie": ""
                }
            }
        ]
    }
}