{
  "appButtomRule": {
      "defaultIndex": 0,
      "tabList": [
          {
              "index": 0,
              "tabType": "mall",
              "path": "pages/index/index",
              "badge": {
                  "dot": false,
                  "text": "",
                  "bgColor": "",
                  "textColor": "",
                  "icon": ""
              },
              "style": {
                  "selected": {
                      "text": "首页",
                      "textColor": "FF3D3D3D",
                      "icon": "https://cdn-cn-oss-dreame-store.dreame.tech/dreame-php-mall/prod/images/202508/68b2939b291d21680010642.png"
                  },
                  "normal": {
                      "text": "首页",
                      "textColor": "FF3D3D3D",
                      "icon": "https://cdn-cn-oss-dreame-store.dreame.tech/dreame-php-mall/prod/images/202508/68b2939b297261700011397.png"
                  },
                  "lottie": ""
              }
          },
          {
              "index": 1,
              "tabType": "mall_classification",
              "path": "pagesC/shop/shop?isNoBack=true",
              "badge": {
                  "dot": false,
                  "text": "",
                  "bgColor": "FFFFFFFF",
                  "textColor": "FFFFFFFF"
              },
              "style": {
                  "selected": {
                      "text": "分类",
                      "textColor": "FF3D3D3D",
                      "icon": "https://cdn-cn-oss-dreame-store.dreame.tech/dreame-php-mall/prod/images/202508/68b2939b289bc1660010537.png"
                  },
                  "normal": {
                      "text": "分类",
                      "textColor": "FF3D3D3D",
                      "icon": "https://cdn-cn-oss-dreame-store.dreame.tech/dreame-php-mall/prod/images/202508/68b2939b2a6cd1740011098.png"
                  },
                  "lottie": ""
              }
          },
          {
              "index": 2,
              "tabType": "mall_new_product",
              "path": "pagesD/modulePage/modulePage?page_id=1763705829",
              "outerImage": true,
              "badge": {
                  "dot": false,
                  "text": "",
                  "bgColor": "FFFFFFFF",
                  "textColor": "FFFFFFFF"
              },
              "style": {
                  "selected": {
                      "text": "",
                      "textColor": "FF3D3D3D",
                      "icon": "https://cdn-cn-oss-dreame-store.dreame.tech/dreame-php-mall/prod/images/202511/692652ea40c052650011163.png"
                  },
                  "normal": {
                      "text": "",
                      "textColor": "FF3D3D3D",
                      "icon": "https://cdn-cn-oss-dreame-store.dreame.tech/dreame-php-mall/prod/images/202511/692652ea40c052650011163.png"
                  },
                  "lottie": ""
              }
          },
          {
              "index": 3,
              "tabType": "mall_shopping_cart",
              "path": "pagesA/cart/cart?isNoBack=true",
              "checkAuth": true,
              "badge": {
                  "dot": false,
                  "text": "",
                  "bgColor": "FFFFFFFF",
                  "textColor": "FFFFFFFF"
              },
              "style": {
                  "selected": {
                      "text": "购物车",
                      "textColor": "FF3D3D3D",
                      "icon": "https://cdn-cn-oss-dreame-store.dreame.tech/dreame-php-mall/prod/images/202508/68b2939b28b9f1670011441.png"
                  },
                  "normal": {
                      "text": "购物车",
                      "textColor": "FF3D3D3D",
                      "icon": "https://cdn-cn-oss-dreame-store.dreame.tech/dreame-php-mall/prod/images/202508/68b2939b914935950074417.png"
                  },
                  "lottie": ""
              }
          },
          {
            "index": 4,
            "tabType": "mall_yx_mine",
            "path": "pagesC/yxMine/yxMine",
            "checkAuth": true,
            "badge": {
                "dot": false,
                "text": "",
                "bgColor": "",
                "textColor": ""
            },
            "style": {
                "selected": {
                    "text": "我的",
                    "textColor": "FF3D3D3D",
                    "icon": "https://cdn-cn-oss-dreame-store.dreame.tech/dreame-php-mall/prod/images/202508/68b2939b292ab1690011280.png"
                },
                "normal": {
                    "text": "我的",
                    "textColor": "FF3D3D3D",
                    "icon": "https://cdn-cn-oss-dreame-store.dreame.tech/dreame-php-mall/prod/images/202508/68b2939b90a0b5920010782.png"
                },
                "lottie": ""
            }
        }
      ]
  }
}
